
[
{"id":"1","heading":"Fast Learner","photo":"","description":"I'm able to quickly grasp new concepts and technologies, and I enjoy expanding my knowledge and skills through ongoing learning and professional development."},

{"id":"2","heading":"Attention to detail:","photo":"","description":"Emphasize your ability to write clean, well-organized code and ensure that websites are visually appealing and user-friendly."},

{"id":"3","heading":"Communication skills: ","photo":"","description":" I'm an effective communicator, both verbally and in writing. I'm able to express ideas clearly and concisely and adapt my communication style to different audiences."},

{"id":"4","heading":"Team Player","photo":"","description":"I'm passionate about achieving results, but I know that success is a team effort. I work collaboratively, supportively, and respectfully with my team members to ensure we all achieve our goals."}
]

