[
{"id":"2","name":"HTML","url":"https:\/\/github.com\/aadritChauhan\/HTML-CSS","percent":"90"},
{"id":"3","name":"CSS","url":"https:\/\/github.com\/aadritChauhan\/HTML-CSS","percent":"90"},
{"id":"4","name":"JavaScript","url":"https:\/\/github.com\/aadritChauhan\/JavaScript","percent":"75"},
{"id":"5","name":"MERN","url":"https:\/\/github.com\/aadritChauhan\/MERN","percent":"70"},
{"id":"6","name":"SQL","url":"https:\/\/github.com\/aadritChauhan\/SQL","percent":"80"},
{"id":"7","name":"PHP","url":"https:\/\/github.com\/aadritChauhan\/PHP","percent":"60"},
{"id":"8","name":"ASP.NET","url":"https:\/\/github.com\/aadritChauhan\/ASP.NET_project","percent":"50"},
{"id":"9","name":"C#","url":"https:\/\/github.com\/aadritChauhan\/GymApplication","percent":"55"}
]

